DEV-94220,sarah28@hotmail.com
john.anderson742@hotmail.com,john742@gmail.com
DEV-87874,john_miller_973
DEV-18356,555-3860
DEV-61155,emma822@school.edu
alice559@hotmail.com,DEV-82011
alice332@work.com,DEV-35810
555-7724,lisa.moore273@gmail.com
james.moore828@school.edu,555-3449
sarah_jones_944,555-8082
emma835@hotmail.com,emma.wilson835@gmail.com
555-1571,james_brown_541
james_anderson_745,555-6980
mary.moore53@gmail.com,555-9636
lisa921@work.com,lisa_jones_921
david_brown_856,DEV-42635
david.anderson284@work.com,david284@yahoo.com
alice_davis_698,555-5691
DEV-45351,david.wilson866@gmail.com
sarah_wilson_524,sarah524@work.com
david947@yahoo.com,david.davis947@hotmail.com
alice.brown188@work.com,555-8575
555-7967,mary106@hotmail.com
DEV-40573,james318@work.com
sarah.doe273@yahoo.com,DEV-74528
DEV-75297,mary_doe_352
555-1470,alice332@work.com
DEV-43787,emma_anderson_837
bob_taylor_591,555-5640
bob591@yahoo.com,DEV-21940
david_davis_947,david947@yahoo.com
sarah.anderson797@school.edu,sarah_anderson_797
mary_doe_668,DEV-80932
john_brown_484,555-6572
555-4045,john.anderson761@school.edu
555-2683,DEV-20137
mary.brown520@work.com,mary_brown_520
DEV-69722,mary729@work.com
555-2689,DEV-14590
alice404@work.com,DEV-20582
lisa.doe689@work.com,lisa_doe_689
lisa.miller647@yahoo.com,lisa647@school.edu
DEV-35034,mary.brown341@work.com
555-9400,DEV-65978
DEV-10335,555-5196
555-9907,alice205@hotmail.com
555-6980,DEV-48727
emma_taylor_261,emma.taylor261@yahoo.com
555-1130,alice_brown_941
DEV-31323,michael_jones_330
sarah.moore734@work.com,555-2461
lisa.jones223@work.com,lisa_jones_223
DEV-54826,sarah998@hotmail.com
david_moore_59,DEV-65451
sarah_taylor_767,sarah.taylor767@school.edu
555-3525,david_wilson_594
james.wilson282@yahoo.com,DEV-87033
555-9636,mary_moore_53
555-9786,john.brown632@yahoo.com
DEV-30662,alice351@school.edu
DEV-39734,555-9907
sarah356@yahoo.com,sarah.smith356@work.com
DEV-12087,555-3069
555-7981,sarah_doe_273
alice_davis_630,alice630@yahoo.com
555-4873,james185@school.edu
lisa_jones_921,lisa.jones921@hotmail.com
james971@school.edu,DEV-10680
michael_brown_722,michael.brown722@gmail.com
james736@work.com,james_doe_736
emma.brown294@gmail.com,DEV-20751
john761@gmail.com,555-4045
lisa.anderson337@gmail.com,DEV-13396
john742@gmail.com,555-7109
DEV-99766,david.miller47@gmail.com
emma567@yahoo.com,DEV-39615
555-7178,mary352@yahoo.com
DEV-33964,555-1232
emma_davis_567,emma567@yahoo.com
DEV-35719,lisa599@yahoo.com
sarah.anderson28@yahoo.com,555-3444
555-3449,james828@yahoo.com
DEV-25113,555-4658
james_brown_541,DEV-93048
alice.wilson110@gmail.com,alice_wilson_110
lisa984@yahoo.com,DEV-84856
DEV-38848,david_taylor_719
DEV-22927,555-2212
sarah.davis539@school.edu,555-7724
john.anderson86@hotmail.com,john86@work.com
bob.wilson302@hotmail.com,bob_wilson_302
alice849@work.com,alice.moore849@yahoo.com
DEV-35241,555-2538
mary674@work.com,DEV-98865
DEV-61665,michael589@school.edu
555-8825,DEV-75245
john.miller973@gmail.com,john973@school.edu
james282@yahoo.com,james.wilson282@yahoo.com
DEV-20485,john.brown484@hotmail.com
john.taylor524@hotmail.com,john524@hotmail.com
DEV-31003,555-4681
555-1666,DEV-90944
DEV-90000,555-6290
555-3560,sarah_smith_356
david_miller_47,DEV-99766
michael_taylor_941,DEV-58723
mary.miller106@hotmail.com,mary_miller_106
mary.anderson352@hotmail.com,555-7178
DEV-62856,david.anderson625@yahoo.com
lisa_jones_515,555-8784
mary.doe352@yahoo.com,DEV-75297
lisa_anderson_907,DEV-99427
555-5812,emma939@work.com
555-6572,DEV-20485
david.davis52@hotmail.com,david52@gmail.com
sarah.taylor767@school.edu,sarah767@work.com
john484@gmail.com,john_brown_484
555-6329,mary.wilson412@gmail.com
lisa963@hotmail.com,lisa_smith_963
james541@yahoo.com,555-1571
david_jones_326,david.jones326@school.edu
mary_miller_729,555-8919
555-6470,david_davis_947
DEV-20137,lisa223@gmail.com
DEV-65978,michael.davis650@work.com
555-6494,john.moore487@hotmail.com
555-7486,emma.davis763@work.com
DEV-90672,emma176@yahoo.com
john_taylor_524,john.taylor524@hotmail.com
555-2204,sarah.anderson797@school.edu
555-3879,DEV-99065
555-7109,DEV-46533
lisa_doe_854,lisa.doe854@hotmail.com
lisa.miller640@gmail.com,555-5250
bob.taylor591@yahoo.com,bob591@yahoo.com
DEV-58723,michael941@work.com
james.jones485@work.com,DEV-79159
james.wilson249@yahoo.com,555-6248
555-7780,john461@hotmail.com
david.miller752@yahoo.com,555-8796
sarah_wilson_832,555-6889
bob860@hotmail.com,bob.taylor860@hotmail.com
555-7631,bob.moore752@hotmail.com
emma_wilson_835,DEV-28591
DEV-74745,lisa.smith963@work.com
john487@school.edu,DEV-82600
555-6248,james_wilson_249
mary53@work.com,DEV-87012
DEV-82011,alice.jones559@work.com
lisa_moore_273,lisa273@school.edu
mary_doe_352,555-1226
michael_moore_411,555-7915
DEV-98865,mary_wilson_674
555-5250,DEV-79794
james.davis982@work.com,james982@gmail.com
lisa.smith131@yahoo.com,555-7285
DEV-11897,555-7724
sarah335@yahoo.com,DEV-19014
lisa.smith23@school.edu,lisa23@school.edu
555-7925,bob.miller647@gmail.com
david319@work.com,555-1486
bob89@yahoo.com,bob.moore89@work.com
james_wilson_911,DEV-63060
555-2461,sarah_moore_734
alice.smith927@yahoo.com,alice927@hotmail.com
DEV-77680,mary258@hotmail.com
david_wilson_594,david.wilson594@hotmail.com
james.anderson745@gmail.com,james745@hotmail.com
michael962@yahoo.com,michael.moore962@yahoo.com
555-1884,bob302@hotmail.com
john.moore487@hotmail.com,john487@school.edu
james911@yahoo.com,james_wilson_911
555-3069,michael.anderson289@gmail.com
lisa854@school.edu,lisa_doe_854
DEV-54392,david752@hotmail.com
555-5093,mary674@work.com
555-4811,DEV-85366
sarah_taylor_33,sarah33@work.com
DEV-15553,555-6669
emma.jones872@hotmail.com,emma872@work.com
DEV-34487,james.wilson249@yahoo.com
mary_anderson_352,DEV-27744
555-5184,alice345@gmail.com
john.miller89@gmail.com,DEV-10335
sarah.moore429@hotmail.com,sarah_moore_429
alice.jones404@work.com,alice404@work.com
555-1002,DEV-90672
DEV-60221,john.miller962@yahoo.com
DEV-26367,555-4898
DEV-40977,sarah_miller_632
555-3444,DEV-94220
michael.taylor941@school.edu,michael_taylor_941
555-7724,DEV-88136
emma939@work.com,DEV-54130
sarah734@gmail.com,DEV-53373
555-1336,DEV-57770
alice175@gmail.com,alice_brown_175
DEV-40665,555-4586
lisa185@yahoo.com,555-6703
james.wilson816@yahoo.com,DEV-42724
bob.wilson79@work.com,555-2475
alice.moore849@yahoo.com,555-9737
DEV-66598,555-7860
DEV-60830,bob_moore_89
555-6208,sarah_jones_39
sarah998@hotmail.com,555-4796
555-9766,alice787@gmail.com
DEV-35251,555-6476
emma822@school.edu,emma.doe822@school.edu
david326@work.com,david_jones_326
john_miller_885,john885@gmail.com
555-5334,emma_anderson_905
DEV-50190,david.wilson319@work.com
john.taylor118@yahoo.com,DEV-42146
DEV-93048,james.brown541@school.edu
DEV-70507,emma293@work.com
DEV-96492,david_anderson_308
555-1664,john_miller_885
emma.davis567@yahoo.com,emma_davis_567
emma_smith_575,emma.smith575@school.edu
james41@gmail.com,james.taylor41@gmail.com
james.taylor41@gmail.com,555-8610
alice_jones_404,alice.jones404@work.com
sarah_jones_39,sarah.jones39@work.com
DEV-34345,lisa.jones272@work.com
mary106@hotmail.com,mary.miller106@hotmail.com
emma_davis_763,DEV-48045
michael_anderson_890,555-6817
alice.anderson23@school.edu,555-6185
alice205@hotmail.com,alice.jones205@yahoo.com
lisa_moore_185,DEV-97198
lisa599@yahoo.com,lisa.brown599@gmail.com
555-3904,emma.anderson282@yahoo.com
555-4681,alice.wilson110@gmail.com
alice.moore578@school.edu,555-4811
david.miller408@yahoo.com,david408@gmail.com
alice.brown175@yahoo.com,DEV-19911
lisa663@yahoo.com,DEV-83902
555-7285,DEV-50410
lisa515@work.com,DEV-71790
mary668@yahoo.com,555-2239
emma_doe_822,DEV-61155
555-9027,DEV-93540
555-8132,lisa_brown_984
555-5549,emma_doe_822
james.wilson737@gmail.com,james_wilson_737
555-8489,emma_wilson_835
emma_brown_294,emma.brown294@gmail.com
david.smith505@yahoo.com,david505@school.edu
james_moore_729,DEV-74260
555-1303,DEV-52480
555-7709,DEV-83888
555-3567,DEV-34345
sarah_anderson_797,DEV-54302
DEV-73013,lisa426@gmail.com
mary.doe668@gmail.com,mary668@yahoo.com
lisa.moore185@yahoo.com,lisa_moore_185
emma_anderson_354,555-7047
DEV-83888,john.miller216@gmail.com
mary.jones861@school.edu,mary_jones_861
DEV-42713,emma_brown_240
DEV-42201,lisa691@work.com
DEV-28470,555-6208
555-8480,james_moore_729
DEV-46533,john_anderson_742
555-3129,DEV-35888
james318@work.com,james_moore_318
DEV-87012,mary.moore53@gmail.com
alice351@school.edu,alice.doe351@work.com
lisa691@work.com,lisa_anderson_691
david505@school.edu,david_smith_505
emma_miller_799,emma.miller799@school.edu
DEV-85374,james.miller449@school.edu
lisa_smith_131,lisa.smith131@yahoo.com
david408@gmail.com,DEV-60981
555-9019,alice_davis_630
david857@gmail.com,david_anderson_857
DEV-13770,555-2522
emma.anderson54@yahoo.com,emma54@work.com
mary117@gmail.com,DEV-80516
555-6185,DEV-37349
emma.miller799@school.edu,DEV-86759
555-1202,lisa663@yahoo.com
michael941@work.com,555-3460
lisa.anderson691@work.com,DEV-42201
alice787@gmail.com,alice.anderson787@yahoo.com
alice630@yahoo.com,alice.davis630@hotmail.com
emma.anderson939@hotmail.com,emma_anderson_939
james737@hotmail.com,james.wilson737@gmail.com
DEV-10840,sarah546@hotmail.com
lisa911@work.com,DEV-50568
555-3155,david59@hotmail.com
john595@work.com,555-2118
alice.davis332@hotmail.com,555-1470
emma_moore_699,DEV-30039
sarah273@work.com,555-7981
sarah_davis_394,sarah.davis394@gmail.com
john.anderson355@gmail.com,555-1003
DEV-35572,555-3090
lisa.smith963@work.com,555-1284
sarah.brown998@gmail.com,DEV-54826
sarah.smith222@yahoo.com,555-8825
alice_moore_543,DEV-14914
555-4083,DEV-78920
DEV-87755,555-9019
lisa_smith_963,DEV-74745
DEV-21940,bob_taylor_591
555-2475,bob79@school.edu
john973@school.edu,DEV-87874
555-8443,DEV-35034
555-5525,DEV-75060
555-1967,DEV-77680
lisa.jones515@work.com,lisa515@work.com
DEV-92985,david594@gmail.com
mary585@work.com,mary_moore_585
emma_wilson_555,emma555@gmail.com
emma.doe244@gmail.com,emma_doe_244
emma_brown_240,emma240@yahoo.com
DEV-54668,sarah_davis_394
emma872@work.com,emma_jones_872
DEV-42146,john_taylor_118
555-6476,emma575@school.edu
DEV-65451,555-3155
alice.davis997@school.edu,555-5668
DEV-53246,555-6470
mary.miller258@yahoo.com,555-1967
lisa59@hotmail.com,lisa.taylor59@school.edu
sarah.smith356@work.com,555-3560
emma.smith575@school.edu,DEV-35251
555-1445,bob816@gmail.com
james.doe971@yahoo.com,james971@school.edu
david.wilson594@hotmail.com,DEV-92985
555-4913,emma.smith293@yahoo.com
david.brown856@gmail.com,david_brown_856
emma176@yahoo.com,emma.miller176@yahoo.com
mary_brown_520,DEV-45866
sarah_moore_429,sarah429@yahoo.com
emma_anderson_939,555-5812
john.miller30@school.edu,john_miller_30
lisa_miller_640,lisa.miller640@gmail.com
michael.davis650@work.com,michael650@yahoo.com
lisa_miller_196,555-5283
DEV-90160,james_miller_784
555-8919,DEV-69722
lisa23@school.edu,DEV-93719
james982@gmail.com,555-1303
bob.miller647@gmail.com,DEV-31943
michael.jones330@yahoo.com,DEV-31323
555-8796,DEV-54392
sarah886@yahoo.com,sarah_moore_886
555-1210,DEV-72360
sarah_miller_366,555-4638
david.moore59@hotmail.com,david_moore_59
emma393@hotmail.com,emma_jones_393
DEV-14590,david_taylor_688
alice927@hotmail.com,alice_smith_927
mary_miller_258,mary.miller258@yahoo.com
DEV-89065,555-7780
alice754@gmail.com,alice_anderson_754
555-3070,DEV-29638
emma799@hotmail.com,emma_miller_799
DEV-83902,lisa.wilson663@work.com
alice_doe_565,DEV-81580
james_miller_438,james.miller438@yahoo.com
alice_doe_405,DEV-93299
555-6807,lisa.anderson691@work.com
DEV-19911,555-5607
mary352@yahoo.com,mary_anderson_352
555-4622,david.anderson308@gmail.com
james_davis_982,james.davis982@work.com
DEV-57770,bob.wilson623@hotmail.com
555-6817,DEV-59440
DEV-13396,555-1937
555-6889,sarah.wilson832@work.com
555-1486,david_wilson_319
lisa273@school.edu,DEV-11897
lisa.taylor59@school.edu,DEV-30266
lisa272@gmail.com,555-3567
alice.brown345@gmail.com,555-5184
alice.jones559@work.com,alice_jones_559
555-9016,DEV-56175
james_miller_784,james.miller784@work.com
sarah505@yahoo.com,sarah_taylor_505
lisa_anderson_337,lisa.anderson337@gmail.com
alice23@school.edu,alice.anderson23@school.edu
emma261@gmail.com,emma_taylor_261
david.wilson319@work.com,david319@work.com
david_anderson_857,555-3218
DEV-84856,lisa.brown984@yahoo.com
sarah_brown_998,sarah.brown998@gmail.com
DEV-97198,lisa185@yahoo.com
DEV-11348,emma_anderson_354
david.taylor522@yahoo.com,david_taylor_522
DEV-66696,sarah459@hotmail.com
david284@yahoo.com,david_anderson_284
david.anderson857@hotmail.com,david857@gmail.com
lisa640@yahoo.com,lisa_miller_640
bob_taylor_816,555-1445
emma54@work.com,DEV-35241
bob.moore89@work.com,555-4473
michael.brown766@hotmail.com,DEV-18376
emma_davis_462,emma462@hotmail.com
michael.moore962@yahoo.com,555-1242
james828@yahoo.com,james_moore_828
555-6290,david.davis52@hotmail.com
DEV-81086,john_miller_260
emma.jones42@yahoo.com,emma_jones_42
DEV-71790,lisa_jones_515
DEV-84191,sarah_taylor_33
john118@hotmail.com,john.taylor118@yahoo.com
lisa78@school.edu,555-3074
alice_brown_188,alice188@gmail.com
james.miller784@work.com,555-2793
alice941@yahoo.com,555-1130
john524@hotmail.com,DEV-59527
DEV-75245,sarah222@hotmail.com
DEV-71475,lisa_doe_525
555-1003,john_anderson_355
emma.moore626@hotmail.com,emma626@work.com
DEV-29638,john.smith675@yahoo.com
james173@work.com,james_taylor_173
david.jones326@school.edu,555-3879
DEV-85366,alice_moore_578
DEV-53373,sarah.moore734@work.com
555-4473,DEV-60830
emma244@gmail.com,emma.doe244@gmail.com
DEV-28478,sarah_miller_366
DEV-82264,alice_jones_148
michael422@yahoo.com,555-9016
555-7915,DEV-63508
555-9837,alice_jones_404
david_wilson_396,DEV-84966
james784@hotmail.com,DEV-90160
john_anderson_86,john.anderson86@hotmail.com
DEV-99427,lisa907@work.com
DEV-80932,mary.doe668@gmail.com
555-4586,mary_brown_96
lisa426@gmail.com,lisa_wilson_426
michael_brown_766,555-9435
DEV-59147,sarah.jones944@school.edu
DEV-30039,emma699@work.com
emma354@school.edu,DEV-11348
DEV-30812,bob.doe374@yahoo.com
james185@school.edu,DEV-34404
555-4898,emma.smith42@hotmail.com
555-2212,david.anderson284@work.com
DEV-28591,emma835@hotmail.com
bob79@school.edu,DEV-87493
DEV-17796,emma_davis_909
DEV-18376,michael_brown_766
bob.taylor860@hotmail.com,555-1210
lisa_brown_984,lisa984@yahoo.com
alice188@gmail.com,alice.brown188@work.com
emma293@work.com,555-4913
emma.miller176@yahoo.com,emma_miller_176
mary.wilson674@hotmail.com,555-5093
emma763@work.com,555-7486
555-1226,mary352@school.edu
lisa.doe854@hotmail.com,555-9027
555-5361,alice.doe508@yahoo.com
555-5902,sarah_taylor_767
555-4658,alice.smith927@yahoo.com
lisa_wilson_663,555-1202
emma.davis462@gmail.com,emma_davis_462
555-5607,alice175@gmail.com
lisa30@school.edu,lisa_smith_30
sarah944@school.edu,DEV-59147
DEV-48045,emma763@work.com
DEV-48727,james.anderson745@gmail.com
555-9930,alice559@hotmail.com
DEV-74528,sarah273@work.com
bob647@hotmail.com,555-7925
DEV-35810,alice_davis_332
john.smith675@yahoo.com,john_smith_675
james_moore_318,555-6124
david.anderson308@gmail.com,DEV-96492
david_taylor_522,DEV-35572
sarah.davis688@hotmail.com,sarah688@work.com
555-8082,sarah944@school.edu
john.brown632@yahoo.com,DEV-73542
john.doe595@hotmail.com,john595@work.com
mary.wilson355@hotmail.com,DEV-45452
emma_jones_872,555-1666
emma_anderson_837,emma837@gmail.com
555-7860,mary585@work.com
lisa223@gmail.com,lisa.jones223@work.com
555-1232,james482@work.com
john_doe_595,john.doe595@hotmail.com
bob_wilson_302,555-1884
emma_anderson_905,emma905@yahoo.com
lisa_taylor_59,lisa59@hotmail.com
DEV-16082,bob_davis_409
emma_smith_293,DEV-70507
james_anderson_148,james148@school.edu
555-8544,alice_taylor_918
DEV-35355,emma393@hotmail.com
mary.anderson117@hotmail.com,mary117@gmail.com
555-5062,sarah_moore_826
DEV-87033,555-4789
DEV-25275,555-8544
